Id,Id2,Geography,median.home.value,moe
1500000US390610002001,3.9061E+11,"Block Group 1, Census Tract 2, Hamilton County, Ohio",-,**
1500000US390610007001,3.9061E+11,"Block Group 1, Census Tract 7, Hamilton County, Ohio",-,**
1500000US390610007002,3.9061E+11,"Block Group 2, Census Tract 7, Hamilton County, Ohio",-,**
1500000US390610007003,3.9061E+11,"Block Group 3, Census Tract 7, Hamilton County, Ohio",373300,85722
1500000US390610009001,3.9061E+11,"Block Group 1, Census Tract 9, Hamilton County, Ohio",-,**
1500000US390610009002,3.9061E+11,"Block Group 2, Census Tract 9, Hamilton County, Ohio",150000,70451
1500000US390610010001,3.9061E+11,"Block Group 1, Census Tract 10, Hamilton County, Ohio",187500,50544
1500000US390610010002,3.9061E+11,"Block Group 2, Census Tract 10, Hamilton County, Ohio",202800,74834
1500000US390610011001,3.9061E+11,"Block Group 1, Census Tract 11, Hamilton County, Ohio",277300,24969
1500000US390610016001,3.9061E+11,"Block Group 1, Census Tract 16, Hamilton County, Ohio",-,**
1500000US390610016002,3.9061E+11,"Block Group 2, Census Tract 16, Hamilton County, Ohio",322700,177227
1500000US390610017001,3.9061E+11,"Block Group 1, Census Tract 17, Hamilton County, Ohio",98300,99080
1500000US390610018001,3.9061E+11,"Block Group 1, Census Tract 18, Hamilton County, Ohio",173100,20927
1500000US390610018002,3.9061E+11,"Block Group 2, Census Tract 18, Hamilton County, Ohio",191900,17548
1500000US390610019001,3.9061E+11,"Block Group 1, Census Tract 19, Hamilton County, Ohio",136000,16711
1500000US390610019002,3.9061E+11,"Block Group 2, Census Tract 19, Hamilton County, Ohio",181300,69467
1500000US390610020001,3.9061E+11,"Block Group 1, Census Tract 20, Hamilton County, Ohio",528800,340448
1500000US390610020002,3.9061E+11,"Block Group 2, Census Tract 20, Hamilton County, Ohio",193300,26727
1500000US390610022001,3.9061E+11,"Block Group 1, Census Tract 22, Hamilton County, Ohio",95000,92224
1500000US390610022002,3.9061E+11,"Block Group 2, Census Tract 22, Hamilton County, Ohio",88800,17975
1500000US390610022003,3.9061E+11,"Block Group 3, Census Tract 22, Hamilton County, Ohio",94400,15697
1500000US390610023001,3.9061E+11,"Block Group 1, Census Tract 23, Hamilton County, Ohio",97400,74959
1500000US390610025001,3.9061E+11,"Block Group 1, Census Tract 25, Hamilton County, Ohio",137200,6356
1500000US390610025002,3.9061E+11,"Block Group 2, Census Tract 25, Hamilton County, Ohio",96800,5199
1500000US390610026001,3.9061E+11,"Block Group 1, Census Tract 26, Hamilton County, Ohio",138500,113451
1500000US390610026002,3.9061E+11,"Block Group 2, Census Tract 26, Hamilton County, Ohio",171500,21824
1500000US390610027001,3.9061E+11,"Block Group 1, Census Tract 27, Hamilton County, Ohio",131300,52407
1500000US390610028001,3.9061E+11,"Block Group 1, Census Tract 28, Hamilton County, Ohio",75000,27917
1500000US390610028002,3.9061E+11,"Block Group 2, Census Tract 28, Hamilton County, Ohio",93400,38073
1500000US390610029001,3.9061E+11,"Block Group 1, Census Tract 29, Hamilton County, Ohio",153400,112017
1500000US390610029002,3.9061E+11,"Block Group 2, Census Tract 29, Hamilton County, Ohio",126400,60308
1500000US390610029003,3.9061E+11,"Block Group 3, Census Tract 29, Hamilton County, Ohio",136400,152595
1500000US390610030001,3.9061E+11,"Block Group 1, Census Tract 30, Hamilton County, Ohio",147500,25477
1500000US390610030002,3.9061E+11,"Block Group 2, Census Tract 30, Hamilton County, Ohio",-,**
1500000US390610030003,3.9061E+11,"Block Group 3, Census Tract 30, Hamilton County, Ohio",-,**
1500000US390610032001,3.9061E+11,"Block Group 1, Census Tract 32, Hamilton County, Ohio",78700,69873
1500000US390610033001,3.9061E+11,"Block Group 1, Census Tract 33, Hamilton County, Ohio",122300,69777
1500000US390610033002,3.9061E+11,"Block Group 2, Census Tract 33, Hamilton County, Ohio",78600,95617
1500000US390610036001,3.9061E+11,"Block Group 1, Census Tract 36, Hamilton County, Ohio",57200,18040
1500000US390610036002,3.9061E+11,"Block Group 2, Census Tract 36, Hamilton County, Ohio",55000,47803
1500000US390610037001,3.9061E+11,"Block Group 1, Census Tract 37, Hamilton County, Ohio",139100,41466
1500000US390610037002,3.9061E+11,"Block Group 2, Census Tract 37, Hamilton County, Ohio",-,**
1500000US390610038001,3.9061E+11,"Block Group 1, Census Tract 38, Hamilton County, Ohio",64500,6364
1500000US390610038002,3.9061E+11,"Block Group 2, Census Tract 38, Hamilton County, Ohio",88100,8464
1500000US390610038003,3.9061E+11,"Block Group 3, Census Tract 38, Hamilton County, Ohio",65000,44319
1500000US390610039001,3.9061E+11,"Block Group 1, Census Tract 39, Hamilton County, Ohio",67300,10049
1500000US390610039002,3.9061E+11,"Block Group 2, Census Tract 39, Hamilton County, Ohio",89300,15882
1500000US390610039003,3.9061E+11,"Block Group 3, Census Tract 39, Hamilton County, Ohio",84000,32535
1500000US390610040001,3.9061E+11,"Block Group 1, Census Tract 40, Hamilton County, Ohio",145400,25001
1500000US390610040002,3.9061E+11,"Block Group 2, Census Tract 40, Hamilton County, Ohio",102500,42343
1500000US390610041001,3.9061E+11,"Block Group 1, Census Tract 41, Hamilton County, Ohio",106900,55721
1500000US390610041002,3.9061E+11,"Block Group 2, Census Tract 41, Hamilton County, Ohio",301100,224527
1500000US390610042001,3.9061E+11,"Block Group 1, Census Tract 42, Hamilton County, Ohio",395200,475285
1500000US390610042002,3.9061E+11,"Block Group 2, Census Tract 42, Hamilton County, Ohio",182800,45221
1500000US390610045001,3.9061E+11,"Block Group 1, Census Tract 45, Hamilton County, Ohio",399000,52924
1500000US390610046021,3.9061E+11,"Block Group 1, Census Tract 46.02, Hamilton County, Ohio",197200,20251
1500000US390610046022,3.9061E+11,"Block Group 2, Census Tract 46.02, Hamilton County, Ohio",163800,6221
1500000US390610046023,3.9061E+11,"Block Group 3, Census Tract 46.02, Hamilton County, Ohio",164900,9341
1500000US390610046031,3.9061E+11,"Block Group 1, Census Tract 46.03, Hamilton County, Ohio",140400,6139
1500000US390610046032,3.9061E+11,"Block Group 2, Census Tract 46.03, Hamilton County, Ohio",138700,6837
1500000US390610046041,3.9061E+11,"Block Group 1, Census Tract 46.04, Hamilton County, Ohio",154000,19211
1500000US390610046042,3.9061E+11,"Block Group 2, Census Tract 46.04, Hamilton County, Ohio",154600,101069
1500000US390610046043,3.9061E+11,"Block Group 3, Census Tract 46.04, Hamilton County, Ohio",130500,16092
1500000US390610046051,3.9061E+11,"Block Group 1, Census Tract 46.05, Hamilton County, Ohio",151800,29670
1500000US390610046052,3.9061E+11,"Block Group 2, Census Tract 46.05, Hamilton County, Ohio",138200,6990
1500000US390610047011,3.9061E+11,"Block Group 1, Census Tract 47.01, Hamilton County, Ohio",238600,38149
1500000US390610047012,3.9061E+11,"Block Group 2, Census Tract 47.01, Hamilton County, Ohio",354300,58697
1500000US390610047021,3.9061E+11,"Block Group 1, Census Tract 47.02, Hamilton County, Ohio",94000,18039
1500000US390610048001,3.9061E+11,"Block Group 1, Census Tract 48, Hamilton County, Ohio",337300,69272
1500000US390610048002,3.9061E+11,"Block Group 2, Census Tract 48, Hamilton County, Ohio",304700,45162
1500000US390610048003,3.9061E+11,"Block Group 3, Census Tract 48, Hamilton County, Ohio",400000,71334
1500000US390610049001,3.9061E+11,"Block Group 1, Census Tract 49, Hamilton County, Ohio",316800,36026
1500000US390610049002,3.9061E+11,"Block Group 2, Census Tract 49, Hamilton County, Ohio",260000,67286
1500000US390610049003,3.9061E+11,"Block Group 3, Census Tract 49, Hamilton County, Ohio",312300,64416
1500000US390610049004,3.9061E+11,"Block Group 4, Census Tract 49, Hamilton County, Ohio",642200,272610
1500000US390610049005,3.9061E+11,"Block Group 5, Census Tract 49, Hamilton County, Ohio",355800,104326
1500000US390610050001,3.9061E+11,"Block Group 1, Census Tract 50, Hamilton County, Ohio",294700,51189
1500000US390610050002,3.9061E+11,"Block Group 2, Census Tract 50, Hamilton County, Ohio",297100,55187
1500000US390610050003,3.9061E+11,"Block Group 3, Census Tract 50, Hamilton County, Ohio",321400,90553
1500000US390610050004,3.9061E+11,"Block Group 4, Census Tract 50, Hamilton County, Ohio",397800,119490
1500000US390610050005,3.9061E+11,"Block Group 5, Census Tract 50, Hamilton County, Ohio",158200,50276
1500000US390610051001,3.9061E+11,"Block Group 1, Census Tract 51, Hamilton County, Ohio",264000,30512
1500000US390610051002,3.9061E+11,"Block Group 2, Census Tract 51, Hamilton County, Ohio",408000,67673
1500000US390610052001,3.9061E+11,"Block Group 1, Census Tract 52, Hamilton County, Ohio",167800,19396
1500000US390610052002,3.9061E+11,"Block Group 2, Census Tract 52, Hamilton County, Ohio",248800,45142
1500000US390610052003,3.9061E+11,"Block Group 3, Census Tract 52, Hamilton County, Ohio",233500,23238
1500000US390610053011,3.9061E+11,"Block Group 1, Census Tract 53.01, Hamilton County, Ohio",204900,28064
1500000US390610053012,3.9061E+11,"Block Group 2, Census Tract 53.01, Hamilton County, Ohio",176900,16799
1500000US390610053013,3.9061E+11,"Block Group 3, Census Tract 53.01, Hamilton County, Ohio",195100,56394
1500000US390610053021,3.9061E+11,"Block Group 1, Census Tract 53.02, Hamilton County, Ohio",227000,27057
1500000US390610053022,3.9061E+11,"Block Group 2, Census Tract 53.02, Hamilton County, Ohio",112900,11668
1500000US390610053023,3.9061E+11,"Block Group 3, Census Tract 53.02, Hamilton County, Ohio",226700,11627
1500000US390610054001,3.9061E+11,"Block Group 1, Census Tract 54, Hamilton County, Ohio",155800,9173
1500000US390610055001,3.9061E+11,"Block Group 1, Census Tract 55, Hamilton County, Ohio",63300,5476
1500000US390610055002,3.9061E+11,"Block Group 2, Census Tract 55, Hamilton County, Ohio",114100,188039
1500000US390610055003,3.9061E+11,"Block Group 3, Census Tract 55, Hamilton County, Ohio",154700,30800
1500000US390610055004,3.9061E+11,"Block Group 4, Census Tract 55, Hamilton County, Ohio",85200,14814
1500000US390610056001,3.9061E+11,"Block Group 1, Census Tract 56, Hamilton County, Ohio",88300,16162
1500000US390610056002,3.9061E+11,"Block Group 2, Census Tract 56, Hamilton County, Ohio",104400,11292
1500000US390610056003,3.9061E+11,"Block Group 3, Census Tract 56, Hamilton County, Ohio",127600,38537
1500000US390610056004,3.9061E+11,"Block Group 4, Census Tract 56, Hamilton County, Ohio",109000,31247
1500000US390610056005,3.9061E+11,"Block Group 5, Census Tract 56, Hamilton County, Ohio",106100,8535
1500000US390610057011,3.9061E+11,"Block Group 1, Census Tract 57.01, Hamilton County, Ohio",298500,75738
1500000US390610057012,3.9061E+11,"Block Group 2, Census Tract 57.01, Hamilton County, Ohio",176200,34034
1500000US390610057013,3.9061E+11,"Block Group 3, Census Tract 57.01, Hamilton County, Ohio",143900,12565
1500000US390610057021,3.9061E+11,"Block Group 1, Census Tract 57.02, Hamilton County, Ohio",144200,12354
1500000US390610057022,3.9061E+11,"Block Group 2, Census Tract 57.02, Hamilton County, Ohio",187000,62736
1500000US390610057023,3.9061E+11,"Block Group 3, Census Tract 57.02, Hamilton County, Ohio",135100,33608
1500000US390610057024,3.9061E+11,"Block Group 4, Census Tract 57.02, Hamilton County, Ohio",128700,32596
1500000US390610058001,3.9061E+11,"Block Group 1, Census Tract 58, Hamilton County, Ohio",114500,28886
1500000US390610058002,3.9061E+11,"Block Group 2, Census Tract 58, Hamilton County, Ohio",107800,91218
1500000US390610058003,3.9061E+11,"Block Group 3, Census Tract 58, Hamilton County, Ohio",131500,16602
1500000US390610058004,3.9061E+11,"Block Group 4, Census Tract 58, Hamilton County, Ohio",103400,21724
1500000US390610058005,3.9061E+11,"Block Group 5, Census Tract 58, Hamilton County, Ohio",124200,21334
1500000US390610059001,3.9061E+11,"Block Group 1, Census Tract 59, Hamilton County, Ohio",198800,19235
1500000US390610060001,3.9061E+11,"Block Group 1, Census Tract 60, Hamilton County, Ohio",100000,23763
1500000US390610060002,3.9061E+11,"Block Group 2, Census Tract 60, Hamilton County, Ohio",97900,29956
1500000US390610060003,3.9061E+11,"Block Group 3, Census Tract 60, Hamilton County, Ohio",102200,12011
1500000US390610060004,3.9061E+11,"Block Group 4, Census Tract 60, Hamilton County, Ohio",-,**
1500000US390610060005,3.9061E+11,"Block Group 5, Census Tract 60, Hamilton County, Ohio",-,**
1500000US390610061001,3.9061E+11,"Block Group 1, Census Tract 61, Hamilton County, Ohio",81500,22975
1500000US390610061002,3.9061E+11,"Block Group 2, Census Tract 61, Hamilton County, Ohio",75400,4833
1500000US390610063001,3.9061E+11,"Block Group 1, Census Tract 63, Hamilton County, Ohio",86500,15805
1500000US390610063002,3.9061E+11,"Block Group 2, Census Tract 63, Hamilton County, Ohio",83200,20475
1500000US390610063003,3.9061E+11,"Block Group 3, Census Tract 63, Hamilton County, Ohio",97000,13501
1500000US390610063004,3.9061E+11,"Block Group 4, Census Tract 63, Hamilton County, Ohio",81600,12249
1500000US390610063005,3.9061E+11,"Block Group 5, Census Tract 63, Hamilton County, Ohio",237500,53891
1500000US390610064001,3.9061E+11,"Block Group 1, Census Tract 64, Hamilton County, Ohio",101900,16767
1500000US390610064002,3.9061E+11,"Block Group 2, Census Tract 64, Hamilton County, Ohio",92000,6838
1500000US390610064003,3.9061E+11,"Block Group 3, Census Tract 64, Hamilton County, Ohio",157400,95368
1500000US390610064004,3.9061E+11,"Block Group 4, Census Tract 64, Hamilton County, Ohio",126700,20767
1500000US390610065001,3.9061E+11,"Block Group 1, Census Tract 65, Hamilton County, Ohio",162500,21557
1500000US390610065002,3.9061E+11,"Block Group 2, Census Tract 65, Hamilton County, Ohio",-,**
1500000US390610065003,3.9061E+11,"Block Group 3, Census Tract 65, Hamilton County, Ohio",383300,141996
1500000US390610065004,3.9061E+11,"Block Group 4, Census Tract 65, Hamilton County, Ohio",149100,53632
1500000US390610065005,3.9061E+11,"Block Group 5, Census Tract 65, Hamilton County, Ohio",217900,17218
1500000US390610065006,3.9061E+11,"Block Group 6, Census Tract 65, Hamilton County, Ohio",141100,43597
1500000US390610066001,3.9061E+11,"Block Group 1, Census Tract 66, Hamilton County, Ohio",175600,131870
1500000US390610066002,3.9061E+11,"Block Group 2, Census Tract 66, Hamilton County, Ohio",77700,8354
1500000US390610068001,3.9061E+11,"Block Group 1, Census Tract 68, Hamilton County, Ohio",119400,47980
1500000US390610068002,3.9061E+11,"Block Group 2, Census Tract 68, Hamilton County, Ohio",87200,19200
1500000US390610068003,3.9061E+11,"Block Group 3, Census Tract 68, Hamilton County, Ohio",134700,30946
1500000US390610069001,3.9061E+11,"Block Group 1, Census Tract 69, Hamilton County, Ohio",94300,20054
1500000US390610069002,3.9061E+11,"Block Group 2, Census Tract 69, Hamilton County, Ohio",88300,10911
1500000US390610069003,3.9061E+11,"Block Group 3, Census Tract 69, Hamilton County, Ohio",74300,5826
1500000US390610070001,3.9061E+11,"Block Group 1, Census Tract 70, Hamilton County, Ohio",220500,197718
1500000US390610070002,3.9061E+11,"Block Group 2, Census Tract 70, Hamilton County, Ohio",221900,172227
1500000US390610070003,3.9061E+11,"Block Group 3, Census Tract 70, Hamilton County, Ohio",197000,74730
1500000US390610071001,3.9061E+11,"Block Group 1, Census Tract 71, Hamilton County, Ohio",332300,83197
1500000US390610071002,3.9061E+11,"Block Group 2, Census Tract 71, Hamilton County, Ohio",497700,154294
1500000US390610071003,3.9061E+11,"Block Group 3, Census Tract 71, Hamilton County, Ohio",301300,29073
1500000US390610072001,3.9061E+11,"Block Group 1, Census Tract 72, Hamilton County, Ohio",281500,23459
1500000US390610072002,3.9061E+11,"Block Group 2, Census Tract 72, Hamilton County, Ohio",285300,30299
1500000US390610073001,3.9061E+11,"Block Group 1, Census Tract 73, Hamilton County, Ohio",79600,15446
1500000US390610073002,3.9061E+11,"Block Group 2, Census Tract 73, Hamilton County, Ohio",76700,15002
1500000US390610074001,3.9061E+11,"Block Group 1, Census Tract 74, Hamilton County, Ohio",86000,21697
1500000US390610074002,3.9061E+11,"Block Group 2, Census Tract 74, Hamilton County, Ohio",112500,30724
1500000US390610074003,3.9061E+11,"Block Group 3, Census Tract 74, Hamilton County, Ohio",132700,14877
1500000US390610075001,3.9061E+11,"Block Group 1, Census Tract 75, Hamilton County, Ohio",96400,17980
1500000US390610075002,3.9061E+11,"Block Group 2, Census Tract 75, Hamilton County, Ohio",105700,40637
1500000US390610077001,3.9061E+11,"Block Group 1, Census Tract 77, Hamilton County, Ohio",73100,7141
1500000US390610077002,3.9061E+11,"Block Group 2, Census Tract 77, Hamilton County, Ohio",41700,32892
1500000US390610078001,3.9061E+11,"Block Group 1, Census Tract 78, Hamilton County, Ohio",141900,26896
1500000US390610078002,3.9061E+11,"Block Group 2, Census Tract 78, Hamilton County, Ohio",110500,20873
1500000US390610078003,3.9061E+11,"Block Group 3, Census Tract 78, Hamilton County, Ohio",62300,24153
1500000US390610079001,3.9061E+11,"Block Group 1, Census Tract 79, Hamilton County, Ohio",93000,13928
1500000US390610079002,3.9061E+11,"Block Group 2, Census Tract 79, Hamilton County, Ohio",93400,5291
1500000US390610080001,3.9061E+11,"Block Group 1, Census Tract 80, Hamilton County, Ohio",-,**
1500000US390610080002,3.9061E+11,"Block Group 2, Census Tract 80, Hamilton County, Ohio",84100,7945
1500000US390610081001,3.9061E+11,"Block Group 1, Census Tract 81, Hamilton County, Ohio",105500,9818
1500000US390610081002,3.9061E+11,"Block Group 2, Census Tract 81, Hamilton County, Ohio",96700,24647
1500000US390610082011,3.9061E+11,"Block Group 1, Census Tract 82.01, Hamilton County, Ohio",125300,14658
1500000US390610082012,3.9061E+11,"Block Group 2, Census Tract 82.01, Hamilton County, Ohio",100700,7626
1500000US390610082013,3.9061E+11,"Block Group 3, Census Tract 82.01, Hamilton County, Ohio",110700,10222
1500000US390610082021,3.9061E+11,"Block Group 1, Census Tract 82.02, Hamilton County, Ohio",113900,34275
1500000US390610082022,3.9061E+11,"Block Group 2, Census Tract 82.02, Hamilton County, Ohio",83800,8137
1500000US390610082023,3.9061E+11,"Block Group 3, Census Tract 82.02, Hamilton County, Ohio",91700,6658
1500000US390610083001,3.9061E+11,"Block Group 1, Census Tract 83, Hamilton County, Ohio",98200,12858
1500000US390610083002,3.9061E+11,"Block Group 2, Census Tract 83, Hamilton County, Ohio",139200,21380
1500000US390610083003,3.9061E+11,"Block Group 3, Census Tract 83, Hamilton County, Ohio",152600,16910
1500000US390610084001,3.9061E+11,"Block Group 1, Census Tract 84, Hamilton County, Ohio",156200,7385
1500000US390610085011,3.9061E+11,"Block Group 1, Census Tract 85.01, Hamilton County, Ohio",75000,33509
1500000US390610085012,3.9061E+11,"Block Group 2, Census Tract 85.01, Hamilton County, Ohio",120000,42252
1500000US390610085013,3.9061E+11,"Block Group 3, Census Tract 85.01, Hamilton County, Ohio",268200,21003
1500000US390610085021,3.9061E+11,"Block Group 1, Census Tract 85.02, Hamilton County, Ohio",73800,4679
1500000US390610086011,3.9061E+11,"Block Group 1, Census Tract 86.01, Hamilton County, Ohio",39400,31280
1500000US390610086012,3.9061E+11,"Block Group 2, Census Tract 86.01, Hamilton County, Ohio",33600,72463
1500000US390610086013,3.9061E+11,"Block Group 3, Census Tract 86.01, Hamilton County, Ohio",75300,18428
1500000US390610086014,3.9061E+11,"Block Group 4, Census Tract 86.01, Hamilton County, Ohio",-,**
1500000US390610088001,3.9061E+11,"Block Group 1, Census Tract 88, Hamilton County, Ohio",65300,11137
1500000US390610088002,3.9061E+11,"Block Group 2, Census Tract 88, Hamilton County, Ohio",84900,6256
1500000US390610092001,3.9061E+11,"Block Group 1, Census Tract 92, Hamilton County, Ohio",58600,22844
1500000US390610092002,3.9061E+11,"Block Group 2, Census Tract 92, Hamilton County, Ohio",61600,9535
1500000US390610092003,3.9061E+11,"Block Group 3, Census Tract 92, Hamilton County, Ohio",46500,3757
1500000US390610093001,3.9061E+11,"Block Group 1, Census Tract 93, Hamilton County, Ohio",62300,13182
1500000US390610093002,3.9061E+11,"Block Group 2, Census Tract 93, Hamilton County, Ohio",-,**
1500000US390610093003,3.9061E+11,"Block Group 3, Census Tract 93, Hamilton County, Ohio",65600,36231
1500000US390610093004,3.9061E+11,"Block Group 4, Census Tract 93, Hamilton County, Ohio",60700,26485
1500000US390610094001,3.9061E+11,"Block Group 1, Census Tract 94, Hamilton County, Ohio",56100,7283
1500000US390610095001,3.9061E+11,"Block Group 1, Census Tract 95, Hamilton County, Ohio",47200,22966
1500000US390610095002,3.9061E+11,"Block Group 2, Census Tract 95, Hamilton County, Ohio",60300,22599
1500000US390610095003,3.9061E+11,"Block Group 3, Census Tract 95, Hamilton County, Ohio",68000,5393
1500000US390610096001,3.9061E+11,"Block Group 1, Census Tract 96, Hamilton County, Ohio",119400,37817
1500000US390610096002,3.9061E+11,"Block Group 2, Census Tract 96, Hamilton County, Ohio",69900,9334
1500000US390610096003,3.9061E+11,"Block Group 3, Census Tract 96, Hamilton County, Ohio",79300,28364
1500000US390610096004,3.9061E+11,"Block Group 4, Census Tract 96, Hamilton County, Ohio",81100,27875
1500000US390610097001,3.9061E+11,"Block Group 1, Census Tract 97, Hamilton County, Ohio",48800,44559
1500000US390610097002,3.9061E+11,"Block Group 2, Census Tract 97, Hamilton County, Ohio",88100,18091
1500000US390610097003,3.9061E+11,"Block Group 3, Census Tract 97, Hamilton County, Ohio",85900,5853
1500000US390610097004,3.9061E+11,"Block Group 4, Census Tract 97, Hamilton County, Ohio",67700,142549
1500000US390610097005,3.9061E+11,"Block Group 5, Census Tract 97, Hamilton County, Ohio",53100,5634
1500000US390610098001,3.9061E+11,"Block Group 1, Census Tract 98, Hamilton County, Ohio",63800,4150
1500000US390610099011,3.9061E+11,"Block Group 1, Census Tract 99.01, Hamilton County, Ohio",99600,15060
1500000US390610099012,3.9061E+11,"Block Group 2, Census Tract 99.01, Hamilton County, Ohio",102100,9089
1500000US390610099013,3.9061E+11,"Block Group 3, Census Tract 99.01, Hamilton County, Ohio",98900,6785
1500000US390610099021,3.9061E+11,"Block Group 1, Census Tract 99.02, Hamilton County, Ohio",94800,3220
1500000US390610099022,3.9061E+11,"Block Group 2, Census Tract 99.02, Hamilton County, Ohio",89000,15217
1500000US390610100021,3.9061E+11,"Block Group 1, Census Tract 100.02, Hamilton County, Ohio",111500,10132
1500000US390610100022,3.9061E+11,"Block Group 2, Census Tract 100.02, Hamilton County, Ohio",83600,14134
1500000US390610100023,3.9061E+11,"Block Group 3, Census Tract 100.02, Hamilton County, Ohio",66400,16462
1500000US390610100024,3.9061E+11,"Block Group 4, Census Tract 100.02, Hamilton County, Ohio",74400,60740
1500000US390610100025,3.9061E+11,"Block Group 5, Census Tract 100.02, Hamilton County, Ohio",102100,16728
1500000US390610100031,3.9061E+11,"Block Group 1, Census Tract 100.03, Hamilton County, Ohio",121800,19380
1500000US390610100032,3.9061E+11,"Block Group 2, Census Tract 100.03, Hamilton County, Ohio",113600,32570
1500000US390610100033,3.9061E+11,"Block Group 3, Census Tract 100.03, Hamilton County, Ohio",90200,32696
1500000US390610100041,3.9061E+11,"Block Group 1, Census Tract 100.04, Hamilton County, Ohio",139500,21745
1500000US390610100042,3.9061E+11,"Block Group 2, Census Tract 100.04, Hamilton County, Ohio",-,**
1500000US390610100043,3.9061E+11,"Block Group 3, Census Tract 100.04, Hamilton County, Ohio",207900,37143
1500000US390610100051,3.9061E+11,"Block Group 1, Census Tract 100.05, Hamilton County, Ohio",87000,10480
1500000US390610101001,3.9061E+11,"Block Group 1, Census Tract 101, Hamilton County, Ohio",69500,10449
1500000US390610101002,3.9061E+11,"Block Group 2, Census Tract 101, Hamilton County, Ohio",111100,23323
1500000US390610101003,3.9061E+11,"Block Group 3, Census Tract 101, Hamilton County, Ohio",114500,20665
1500000US390610102011,3.9061E+11,"Block Group 1, Census Tract 102.01, Hamilton County, Ohio",101000,15904
1500000US390610102012,3.9061E+11,"Block Group 2, Census Tract 102.01, Hamilton County, Ohio",96400,5634
1500000US390610102013,3.9061E+11,"Block Group 3, Census Tract 102.01, Hamilton County, Ohio",93000,4281
1500000US390610102014,3.9061E+11,"Block Group 4, Census Tract 102.01, Hamilton County, Ohio",101600,14624
1500000US390610102015,3.9061E+11,"Block Group 5, Census Tract 102.01, Hamilton County, Ohio",94900,10344
1500000US390610102021,3.9061E+11,"Block Group 1, Census Tract 102.02, Hamilton County, Ohio",94800,5228
1500000US390610102022,3.9061E+11,"Block Group 2, Census Tract 102.02, Hamilton County, Ohio",128200,18277
1500000US390610102023,3.9061E+11,"Block Group 3, Census Tract 102.02, Hamilton County, Ohio",119100,25235
1500000US390610103001,3.9061E+11,"Block Group 1, Census Tract 103, Hamilton County, Ohio",40300,28108
1500000US390610103002,3.9061E+11,"Block Group 2, Census Tract 103, Hamilton County, Ohio",64700,18550
1500000US390610104001,3.9061E+11,"Block Group 1, Census Tract 104, Hamilton County, Ohio",76900,13195
1500000US390610104002,3.9061E+11,"Block Group 2, Census Tract 104, Hamilton County, Ohio",90000,43945
1500000US390610105001,3.9061E+11,"Block Group 1, Census Tract 105, Hamilton County, Ohio",96600,6248
1500000US390610105002,3.9061E+11,"Block Group 2, Census Tract 105, Hamilton County, Ohio",123600,18294
1500000US390610106001,3.9061E+11,"Block Group 1, Census Tract 106, Hamilton County, Ohio",112600,9652
1500000US390610107001,3.9061E+11,"Block Group 1, Census Tract 107, Hamilton County, Ohio",99500,6446
1500000US390610107002,3.9061E+11,"Block Group 2, Census Tract 107, Hamilton County, Ohio",98700,11322
1500000US390610108001,3.9061E+11,"Block Group 1, Census Tract 108, Hamilton County, Ohio",98700,55500
1500000US390610109001,3.9061E+11,"Block Group 1, Census Tract 109, Hamilton County, Ohio",89200,14746
1500000US390610109002,3.9061E+11,"Block Group 2, Census Tract 109, Hamilton County, Ohio",92600,7795
1500000US390610110001,3.9061E+11,"Block Group 1, Census Tract 110, Hamilton County, Ohio",85200,8598
1500000US390610110002,3.9061E+11,"Block Group 2, Census Tract 110, Hamilton County, Ohio",84000,33986
1500000US390610111001,3.9061E+11,"Block Group 1, Census Tract 111, Hamilton County, Ohio",116400,13083
1500000US390610111002,3.9061E+11,"Block Group 2, Census Tract 111, Hamilton County, Ohio",118300,6620
1500000US390610204011,3.9061E+11,"Block Group 1, Census Tract 204.01, Hamilton County, Ohio",109900,5072
1500000US390610204012,3.9061E+11,"Block Group 2, Census Tract 204.01, Hamilton County, Ohio",232800,34240
1500000US390610204013,3.9061E+11,"Block Group 3, Census Tract 204.01, Hamilton County, Ohio",87100,11833
1500000US390610204014,3.9061E+11,"Block Group 4, Census Tract 204.01, Hamilton County, Ohio",213700,39755
1500000US390610204015,3.9061E+11,"Block Group 5, Census Tract 204.01, Hamilton County, Ohio",84800,10019
1500000US390610204031,3.9061E+11,"Block Group 1, Census Tract 204.03, Hamilton County, Ohio",90700,50844
1500000US390610204032,3.9061E+11,"Block Group 2, Census Tract 204.03, Hamilton County, Ohio",202500,22532
1500000US390610204033,3.9061E+11,"Block Group 3, Census Tract 204.03, Hamilton County, Ohio",189300,29172
1500000US390610204034,3.9061E+11,"Block Group 4, Census Tract 204.03, Hamilton County, Ohio",278400,14424
1500000US390610204041,3.9061E+11,"Block Group 1, Census Tract 204.04, Hamilton County, Ohio",234700,34017
1500000US390610204042,3.9061E+11,"Block Group 2, Census Tract 204.04, Hamilton County, Ohio",178400,32832
1500000US390610204043,3.9061E+11,"Block Group 3, Census Tract 204.04, Hamilton County, Ohio",236000,21084
1500000US390610205011,3.9061E+11,"Block Group 1, Census Tract 205.01, Hamilton County, Ohio",178800,72573
1500000US390610205012,3.9061E+11,"Block Group 2, Census Tract 205.01, Hamilton County, Ohio",140400,21285
1500000US390610205021,3.9061E+11,"Block Group 1, Census Tract 205.02, Hamilton County, Ohio",189000,37413
1500000US390610205022,3.9061E+11,"Block Group 2, Census Tract 205.02, Hamilton County, Ohio",203600,36430
1500000US390610205023,3.9061E+11,"Block Group 3, Census Tract 205.02, Hamilton County, Ohio",202500,54791
1500000US390610205041,3.9061E+11,"Block Group 1, Census Tract 205.04, Hamilton County, Ohio",112700,9787
1500000US390610205042,3.9061E+11,"Block Group 2, Census Tract 205.04, Hamilton County, Ohio",179900,44945
1500000US390610205043,3.9061E+11,"Block Group 3, Census Tract 205.04, Hamilton County, Ohio",241900,50573
1500000US390610205051,3.9061E+11,"Block Group 1, Census Tract 205.05, Hamilton County, Ohio",115500,6840
1500000US390610205052,3.9061E+11,"Block Group 2, Census Tract 205.05, Hamilton County, Ohio",96300,13676
1500000US390610205053,3.9061E+11,"Block Group 3, Census Tract 205.05, Hamilton County, Ohio",100700,18465
1500000US390610206011,3.9061E+11,"Block Group 1, Census Tract 206.01, Hamilton County, Ohio",213700,24758
1500000US390610206012,3.9061E+11,"Block Group 2, Census Tract 206.01, Hamilton County, Ohio",206300,31551
1500000US390610206013,3.9061E+11,"Block Group 3, Census Tract 206.01, Hamilton County, Ohio",210400,13999
1500000US390610206021,3.9061E+11,"Block Group 1, Census Tract 206.02, Hamilton County, Ohio",119100,8153
1500000US390610206022,3.9061E+11,"Block Group 2, Census Tract 206.02, Hamilton County, Ohio",104500,9628
1500000US390610206023,3.9061E+11,"Block Group 3, Census Tract 206.02, Hamilton County, Ohio",179900,25475
1500000US390610206024,3.9061E+11,"Block Group 4, Census Tract 206.02, Hamilton County, Ohio",221100,25870
1500000US390610207011,3.9061E+11,"Block Group 1, Census Tract 207.01, Hamilton County, Ohio",162500,39447
1500000US390610207012,3.9061E+11,"Block Group 2, Census Tract 207.01, Hamilton County, Ohio",143400,24100
1500000US390610207013,3.9061E+11,"Block Group 3, Census Tract 207.01, Hamilton County, Ohio",151800,16724
1500000US390610207014,3.9061E+11,"Block Group 4, Census Tract 207.01, Hamilton County, Ohio",193400,45303
1500000US390610207015,3.9061E+11,"Block Group 5, Census Tract 207.01, Hamilton County, Ohio",153000,13853
1500000US390610207016,3.9061E+11,"Block Group 6, Census Tract 207.01, Hamilton County, Ohio",140700,21452
1500000US390610207017,3.9061E+11,"Block Group 7, Census Tract 207.01, Hamilton County, Ohio",62900,26785
1500000US390610207051,3.9061E+11,"Block Group 1, Census Tract 207.05, Hamilton County, Ohio",117900,10969
1500000US390610207052,3.9061E+11,"Block Group 2, Census Tract 207.05, Hamilton County, Ohio",85300,2149
1500000US390610207071,3.9061E+11,"Block Group 1, Census Tract 207.07, Hamilton County, Ohio",173800,19680
1500000US390610207072,3.9061E+11,"Block Group 2, Census Tract 207.07, Hamilton County, Ohio",190500,20375
1500000US390610207073,3.9061E+11,"Block Group 3, Census Tract 207.07, Hamilton County, Ohio",237000,11501
1500000US390610207411,3.9061E+11,"Block Group 1, Census Tract 207.41, Hamilton County, Ohio",86600,9949
1500000US390610207412,3.9061E+11,"Block Group 2, Census Tract 207.41, Hamilton County, Ohio",86900,7483
1500000US390610207413,3.9061E+11,"Block Group 3, Census Tract 207.41, Hamilton County, Ohio",88400,5221
1500000US390610207421,3.9061E+11,"Block Group 1, Census Tract 207.42, Hamilton County, Ohio",80300,5554
1500000US390610207422,3.9061E+11,"Block Group 2, Census Tract 207.42, Hamilton County, Ohio",80200,9213
1500000US390610207423,3.9061E+11,"Block Group 3, Census Tract 207.42, Hamilton County, Ohio",92100,40244
1500000US390610207424,3.9061E+11,"Block Group 4, Census Tract 207.42, Hamilton County, Ohio",78900,7984
1500000US390610207425,3.9061E+11,"Block Group 5, Census Tract 207.42, Hamilton County, Ohio",109100,13640
1500000US390610207611,3.9061E+11,"Block Group 1, Census Tract 207.61, Hamilton County, Ohio",100700,13307
1500000US390610207612,3.9061E+11,"Block Group 2, Census Tract 207.61, Hamilton County, Ohio",96800,31122
1500000US390610207613,3.9061E+11,"Block Group 3, Census Tract 207.61, Hamilton County, Ohio",138500,9825
1500000US390610207614,3.9061E+11,"Block Group 4, Census Tract 207.61, Hamilton County, Ohio",139900,18728
1500000US390610207615,3.9061E+11,"Block Group 5, Census Tract 207.61, Hamilton County, Ohio",114000,3634
1500000US390610207616,3.9061E+11,"Block Group 6, Census Tract 207.61, Hamilton County, Ohio",130400,10605
1500000US390610207621,3.9061E+11,"Block Group 1, Census Tract 207.62, Hamilton County, Ohio",103300,5262
1500000US390610207622,3.9061E+11,"Block Group 2, Census Tract 207.62, Hamilton County, Ohio",104500,8180
1500000US390610208021,3.9061E+11,"Block Group 1, Census Tract 208.02, Hamilton County, Ohio",145400,16093
1500000US390610208022,3.9061E+11,"Block Group 2, Census Tract 208.02, Hamilton County, Ohio",204200,76776
1500000US390610208023,3.9061E+11,"Block Group 3, Census Tract 208.02, Hamilton County, Ohio",200500,26486
1500000US390610208111,3.9061E+11,"Block Group 1, Census Tract 208.11, Hamilton County, Ohio",132200,15489
1500000US390610208112,3.9061E+11,"Block Group 2, Census Tract 208.11, Hamilton County, Ohio",128700,8680
1500000US390610208113,3.9061E+11,"Block Group 3, Census Tract 208.11, Hamilton County, Ohio",182700,21112
1500000US390610208114,3.9061E+11,"Block Group 4, Census Tract 208.11, Hamilton County, Ohio",122200,36047
1500000US390610208121,3.9061E+11,"Block Group 1, Census Tract 208.12, Hamilton County, Ohio",188300,15990
1500000US390610208122,3.9061E+11,"Block Group 2, Census Tract 208.12, Hamilton County, Ohio",185400,37742
1500000US390610208123,3.9061E+11,"Block Group 3, Census Tract 208.12, Hamilton County, Ohio",184100,14938
1500000US390610209011,3.9061E+11,"Block Group 1, Census Tract 209.01, Hamilton County, Ohio",92700,7189
1500000US390610209012,3.9061E+11,"Block Group 2, Census Tract 209.01, Hamilton County, Ohio",106100,13875
1500000US390610209013,3.9061E+11,"Block Group 3, Census Tract 209.01, Hamilton County, Ohio",104700,5751
1500000US390610209021,3.9061E+11,"Block Group 1, Census Tract 209.02, Hamilton County, Ohio",96900,12348
1500000US390610209022,3.9061E+11,"Block Group 2, Census Tract 209.02, Hamilton County, Ohio",96800,16388
1500000US390610209023,3.9061E+11,"Block Group 3, Census Tract 209.02, Hamilton County, Ohio",102100,13969
1500000US390610209024,3.9061E+11,"Block Group 4, Census Tract 209.02, Hamilton County, Ohio",96800,15355
1500000US390610209025,3.9061E+11,"Block Group 5, Census Tract 209.02, Hamilton County, Ohio",76800,8739
1500000US390610210011,3.9061E+11,"Block Group 1, Census Tract 210.01, Hamilton County, Ohio",107300,18076
1500000US390610210012,3.9061E+11,"Block Group 2, Census Tract 210.01, Hamilton County, Ohio",113600,6987
1500000US390610210021,3.9061E+11,"Block Group 1, Census Tract 210.02, Hamilton County, Ohio",115100,4136
1500000US390610210022,3.9061E+11,"Block Group 2, Census Tract 210.02, Hamilton County, Ohio",133000,5421
1500000US390610210023,3.9061E+11,"Block Group 3, Census Tract 210.02, Hamilton County, Ohio",141600,7198
1500000US390610210031,3.9061E+11,"Block Group 1, Census Tract 210.03, Hamilton County, Ohio",125200,8885
1500000US390610210032,3.9061E+11,"Block Group 2, Census Tract 210.03, Hamilton County, Ohio",134600,10422
1500000US390610210033,3.9061E+11,"Block Group 3, Census Tract 210.03, Hamilton County, Ohio",131400,13344
1500000US390610211011,3.9061E+11,"Block Group 1, Census Tract 211.01, Hamilton County, Ohio",227600,14897
1500000US390610211012,3.9061E+11,"Block Group 2, Census Tract 211.01, Hamilton County, Ohio",228100,44708
1500000US390610211013,3.9061E+11,"Block Group 3, Census Tract 211.01, Hamilton County, Ohio",172400,41207
1500000US390610211021,3.9061E+11,"Block Group 1, Census Tract 211.02, Hamilton County, Ohio",170300,9680
1500000US390610211022,3.9061E+11,"Block Group 2, Census Tract 211.02, Hamilton County, Ohio",197700,19902
1500000US390610211023,3.9061E+11,"Block Group 3, Census Tract 211.02, Hamilton County, Ohio",298300,41925
1500000US390610211024,3.9061E+11,"Block Group 4, Census Tract 211.02, Hamilton County, Ohio",191400,16996
1500000US390610212011,3.9061E+11,"Block Group 1, Census Tract 212.01, Hamilton County, Ohio",242500,18225
1500000US390610212012,3.9061E+11,"Block Group 2, Census Tract 212.01, Hamilton County, Ohio",245400,25116
1500000US390610212021,3.9061E+11,"Block Group 1, Census Tract 212.02, Hamilton County, Ohio",149800,11502
1500000US390610212022,3.9061E+11,"Block Group 2, Census Tract 212.02, Hamilton County, Ohio",114900,6929
1500000US390610212023,3.9061E+11,"Block Group 3, Census Tract 212.02, Hamilton County, Ohio",118800,17703
1500000US390610212024,3.9061E+11,"Block Group 4, Census Tract 212.02, Hamilton County, Ohio",187500,88228
1500000US390610212025,3.9061E+11,"Block Group 5, Census Tract 212.02, Hamilton County, Ohio",165500,10645
1500000US390610213021,3.9061E+11,"Block Group 1, Census Tract 213.02, Hamilton County, Ohio",136700,11762
1500000US390610213022,3.9061E+11,"Block Group 2, Census Tract 213.02, Hamilton County, Ohio",237700,24457
1500000US390610213023,3.9061E+11,"Block Group 3, Census Tract 213.02, Hamilton County, Ohio",192300,15401
1500000US390610213024,3.9061E+11,"Block Group 4, Census Tract 213.02, Hamilton County, Ohio",293100,40439
1500000US390610213031,3.9061E+11,"Block Group 1, Census Tract 213.03, Hamilton County, Ohio",166100,10257
1500000US390610213032,3.9061E+11,"Block Group 2, Census Tract 213.03, Hamilton County, Ohio",122400,12135
1500000US390610213033,3.9061E+11,"Block Group 3, Census Tract 213.03, Hamilton County, Ohio",146200,12161
1500000US390610213041,3.9061E+11,"Block Group 1, Census Tract 213.04, Hamilton County, Ohio",128800,10169
1500000US390610213042,3.9061E+11,"Block Group 2, Census Tract 213.04, Hamilton County, Ohio",117300,10344
1500000US390610213043,3.9061E+11,"Block Group 3, Census Tract 213.04, Hamilton County, Ohio",202000,23464
1500000US390610213044,3.9061E+11,"Block Group 4, Census Tract 213.04, Hamilton County, Ohio",113600,14492
1500000US390610214011,3.9061E+11,"Block Group 1, Census Tract 214.01, Hamilton County, Ohio",139800,10034
1500000US390610214012,3.9061E+11,"Block Group 2, Census Tract 214.01, Hamilton County, Ohio",131800,6757
1500000US390610214013,3.9061E+11,"Block Group 3, Census Tract 214.01, Hamilton County, Ohio",96200,16844
1500000US390610214014,3.9061E+11,"Block Group 4, Census Tract 214.01, Hamilton County, Ohio",92100,10553
1500000US390610214211,3.9061E+11,"Block Group 1, Census Tract 214.21, Hamilton County, Ohio",108400,15478
1500000US390610214212,3.9061E+11,"Block Group 2, Census Tract 214.21, Hamilton County, Ohio",138700,8626
1500000US390610214213,3.9061E+11,"Block Group 3, Census Tract 214.21, Hamilton County, Ohio",140700,7974
1500000US390610214214,3.9061E+11,"Block Group 4, Census Tract 214.21, Hamilton County, Ohio",149900,10136
1500000US390610214221,3.9061E+11,"Block Group 1, Census Tract 214.22, Hamilton County, Ohio",137500,14196
1500000US390610214222,3.9061E+11,"Block Group 2, Census Tract 214.22, Hamilton County, Ohio",117800,4481
1500000US390610215011,3.9061E+11,"Block Group 1, Census Tract 215.01, Hamilton County, Ohio",147600,9167
1500000US390610215012,3.9061E+11,"Block Group 2, Census Tract 215.01, Hamilton County, Ohio",167600,16550
1500000US390610215013,3.9061E+11,"Block Group 3, Census Tract 215.01, Hamilton County, Ohio",141700,21456
1500000US390610215014,3.9061E+11,"Block Group 4, Census Tract 215.01, Hamilton County, Ohio",122400,13001
1500000US390610215015,3.9061E+11,"Block Group 5, Census Tract 215.01, Hamilton County, Ohio",124600,13336
1500000US390610215041,3.9061E+11,"Block Group 1, Census Tract 215.04, Hamilton County, Ohio",95200,2270
1500000US390610215042,3.9061E+11,"Block Group 2, Census Tract 215.04, Hamilton County, Ohio",138100,65866
1500000US390610215043,3.9061E+11,"Block Group 3, Census Tract 215.04, Hamilton County, Ohio",130400,15133
1500000US390610215044,3.9061E+11,"Block Group 4, Census Tract 215.04, Hamilton County, Ohio",99700,6771
1500000US390610215045,3.9061E+11,"Block Group 5, Census Tract 215.04, Hamilton County, Ohio",110600,9186
1500000US390610215051,3.9061E+11,"Block Group 1, Census Tract 215.05, Hamilton County, Ohio",89600,6916
1500000US390610215052,3.9061E+11,"Block Group 2, Census Tract 215.05, Hamilton County, Ohio",115500,8078
1500000US390610215053,3.9061E+11,"Block Group 3, Census Tract 215.05, Hamilton County, Ohio",134700,34341
1500000US390610215061,3.9061E+11,"Block Group 1, Census Tract 215.06, Hamilton County, Ohio",99000,8336
1500000US390610215062,3.9061E+11,"Block Group 2, Census Tract 215.06, Hamilton County, Ohio",108900,8183
1500000US390610215063,3.9061E+11,"Block Group 3, Census Tract 215.06, Hamilton County, Ohio",107200,14662
1500000US390610215081,3.9061E+11,"Block Group 1, Census Tract 215.08, Hamilton County, Ohio",140300,8055
1500000US390610215082,3.9061E+11,"Block Group 2, Census Tract 215.08, Hamilton County, Ohio",103500,11634
1500000US390610215083,3.9061E+11,"Block Group 3, Census Tract 215.08, Hamilton County, Ohio",118400,25419
1500000US390610215091,3.9061E+11,"Block Group 1, Census Tract 215.09, Hamilton County, Ohio",158400,17825
1500000US390610215092,3.9061E+11,"Block Group 2, Census Tract 215.09, Hamilton County, Ohio",65000,17735
1500000US390610215093,3.9061E+11,"Block Group 3, Census Tract 215.09, Hamilton County, Ohio",136600,22214
1500000US390610215094,3.9061E+11,"Block Group 4, Census Tract 215.09, Hamilton County, Ohio",85800,10901
1500000US390610215095,3.9061E+11,"Block Group 5, Census Tract 215.09, Hamilton County, Ohio",114600,11758
1500000US390610215096,3.9061E+11,"Block Group 6, Census Tract 215.09, Hamilton County, Ohio",114300,42313
1500000US390610215711,3.9061E+11,"Block Group 1, Census Tract 215.71, Hamilton County, Ohio",146900,17039
1500000US390610215712,3.9061E+11,"Block Group 2, Census Tract 215.71, Hamilton County, Ohio",108600,15976
1500000US390610215721,3.9061E+11,"Block Group 1, Census Tract 215.72, Hamilton County, Ohio",-,**
1500000US390610215722,3.9061E+11,"Block Group 2, Census Tract 215.72, Hamilton County, Ohio",121800,11497
1500000US390610215723,3.9061E+11,"Block Group 3, Census Tract 215.72, Hamilton County, Ohio",138500,10126
1500000US390610215724,3.9061E+11,"Block Group 4, Census Tract 215.72, Hamilton County, Ohio",119900,21161
1500000US390610215725,3.9061E+11,"Block Group 5, Census Tract 215.72, Hamilton County, Ohio",138900,35689
1500000US390610216021,3.9061E+11,"Block Group 1, Census Tract 216.02, Hamilton County, Ohio",109600,19739
1500000US390610216022,3.9061E+11,"Block Group 2, Census Tract 216.02, Hamilton County, Ohio",90700,60539
1500000US390610216023,3.9061E+11,"Block Group 3, Census Tract 216.02, Hamilton County, Ohio",72400,24083
1500000US390610216031,3.9061E+11,"Block Group 1, Census Tract 216.03, Hamilton County, Ohio",149500,19595
1500000US390610216032,3.9061E+11,"Block Group 2, Census Tract 216.03, Hamilton County, Ohio",111600,7547
1500000US390610216033,3.9061E+11,"Block Group 3, Census Tract 216.03, Hamilton County, Ohio",93800,14047
1500000US390610216041,3.9061E+11,"Block Group 1, Census Tract 216.04, Hamilton County, Ohio",97200,11810
1500000US390610216042,3.9061E+11,"Block Group 2, Census Tract 216.04, Hamilton County, Ohio",85000,4637
1500000US390610216043,3.9061E+11,"Block Group 3, Census Tract 216.04, Hamilton County, Ohio",89300,8766
1500000US390610216044,3.9061E+11,"Block Group 4, Census Tract 216.04, Hamilton County, Ohio",96900,10557
1500000US390610217011,3.9061E+11,"Block Group 1, Census Tract 217.01, Hamilton County, Ohio",94300,7440
1500000US390610217012,3.9061E+11,"Block Group 2, Census Tract 217.01, Hamilton County, Ohio",84300,13246
1500000US390610217013,3.9061E+11,"Block Group 3, Census Tract 217.01, Hamilton County, Ohio",120000,9955
1500000US390610217021,3.9061E+11,"Block Group 1, Census Tract 217.02, Hamilton County, Ohio",103000,17779
1500000US390610217022,3.9061E+11,"Block Group 2, Census Tract 217.02, Hamilton County, Ohio",99800,13093
1500000US390610217023,3.9061E+11,"Block Group 3, Census Tract 217.02, Hamilton County, Ohio",89000,21537
1500000US390610217024,3.9061E+11,"Block Group 4, Census Tract 217.02, Hamilton County, Ohio",86100,20752
1500000US390610218011,3.9061E+11,"Block Group 1, Census Tract 218.01, Hamilton County, Ohio",77800,15037
1500000US390610218012,3.9061E+11,"Block Group 2, Census Tract 218.01, Hamilton County, Ohio",103100,33450
1500000US390610218013,3.9061E+11,"Block Group 3, Census Tract 218.01, Hamilton County, Ohio",95700,165147
1500000US390610218014,3.9061E+11,"Block Group 4, Census Tract 218.01, Hamilton County, Ohio",77700,7548
1500000US390610218015,3.9061E+11,"Block Group 5, Census Tract 218.01, Hamilton County, Ohio",96000,12882
1500000US390610218021,3.9061E+11,"Block Group 1, Census Tract 218.02, Hamilton County, Ohio",78500,12542
1500000US390610218022,3.9061E+11,"Block Group 2, Census Tract 218.02, Hamilton County, Ohio",97000,9495
1500000US390610218023,3.9061E+11,"Block Group 3, Census Tract 218.02, Hamilton County, Ohio",68200,10869
1500000US390610219001,3.9061E+11,"Block Group 1, Census Tract 219, Hamilton County, Ohio",109700,11408
1500000US390610220001,3.9061E+11,"Block Group 1, Census Tract 220, Hamilton County, Ohio",110400,12568
1500000US390610220002,3.9061E+11,"Block Group 2, Census Tract 220, Hamilton County, Ohio",117800,10369
1500000US390610220003,3.9061E+11,"Block Group 3, Census Tract 220, Hamilton County, Ohio",112200,3396
1500000US390610220004,3.9061E+11,"Block Group 4, Census Tract 220, Hamilton County, Ohio",150800,10146
1500000US390610221011,3.9061E+11,"Block Group 1, Census Tract 221.01, Hamilton County, Ohio",173900,19860
1500000US390610221012,3.9061E+11,"Block Group 2, Census Tract 221.01, Hamilton County, Ohio",109700,54856
1500000US390610221013,3.9061E+11,"Block Group 3, Census Tract 221.01, Hamilton County, Ohio",117900,32645
1500000US390610221014,3.9061E+11,"Block Group 4, Census Tract 221.01, Hamilton County, Ohio",99200,14980
1500000US390610221021,3.9061E+11,"Block Group 1, Census Tract 221.02, Hamilton County, Ohio",134100,10288
1500000US390610221022,3.9061E+11,"Block Group 2, Census Tract 221.02, Hamilton County, Ohio",129500,16153
1500000US390610221023,3.9061E+11,"Block Group 3, Census Tract 221.02, Hamilton County, Ohio",191700,90103
1500000US390610221024,3.9061E+11,"Block Group 4, Census Tract 221.02, Hamilton County, Ohio",105500,18882
1500000US390610221025,3.9061E+11,"Block Group 5, Census Tract 221.02, Hamilton County, Ohio",109400,14052
1500000US390610221026,3.9061E+11,"Block Group 6, Census Tract 221.02, Hamilton County, Ohio",101800,16468
1500000US390610221027,3.9061E+11,"Block Group 7, Census Tract 221.02, Hamilton County, Ohio",122300,9462
1500000US390610222001,3.9061E+11,"Block Group 1, Census Tract 222, Hamilton County, Ohio",161300,13872
1500000US390610222002,3.9061E+11,"Block Group 2, Census Tract 222, Hamilton County, Ohio",127500,26721
1500000US390610222003,3.9061E+11,"Block Group 3, Census Tract 222, Hamilton County, Ohio",123500,10430
1500000US390610223011,3.9061E+11,"Block Group 1, Census Tract 223.01, Hamilton County, Ohio",113500,4522
1500000US390610223012,3.9061E+11,"Block Group 2, Census Tract 223.01, Hamilton County, Ohio",111700,12478
1500000US390610223013,3.9061E+11,"Block Group 3, Census Tract 223.01, Hamilton County, Ohio",109100,7297
1500000US390610223014,3.9061E+11,"Block Group 4, Census Tract 223.01, Hamilton County, Ohio",113800,16851
1500000US390610223021,3.9061E+11,"Block Group 1, Census Tract 223.02, Hamilton County, Ohio",173500,21250
1500000US390610223022,3.9061E+11,"Block Group 2, Census Tract 223.02, Hamilton County, Ohio",96400,50111
1500000US390610223023,3.9061E+11,"Block Group 3, Census Tract 223.02, Hamilton County, Ohio",159000,29091
1500000US390610223024,3.9061E+11,"Block Group 4, Census Tract 223.02, Hamilton County, Ohio",306300,41873
1500000US390610224001,3.9061E+11,"Block Group 1, Census Tract 224, Hamilton County, Ohio",313600,39419
1500000US390610224002,3.9061E+11,"Block Group 2, Census Tract 224, Hamilton County, Ohio",385600,64791
1500000US390610224003,3.9061E+11,"Block Group 3, Census Tract 224, Hamilton County, Ohio",158300,8646
1500000US390610225001,3.9061E+11,"Block Group 1, Census Tract 225, Hamilton County, Ohio",98300,22028
1500000US390610225002,3.9061E+11,"Block Group 2, Census Tract 225, Hamilton County, Ohio",106900,16282
1500000US390610225003,3.9061E+11,"Block Group 3, Census Tract 225, Hamilton County, Ohio",138800,45467
1500000US390610226011,3.9061E+11,"Block Group 1, Census Tract 226.01, Hamilton County, Ohio",247000,83892
1500000US390610226012,3.9061E+11,"Block Group 2, Census Tract 226.01, Hamilton County, Ohio",335000,31436
1500000US390610226013,3.9061E+11,"Block Group 3, Census Tract 226.01, Hamilton County, Ohio",426700,54107
1500000US390610226014,3.9061E+11,"Block Group 4, Census Tract 226.01, Hamilton County, Ohio",200000,80374
1500000US390610226015,3.9061E+11,"Block Group 5, Census Tract 226.01, Hamilton County, Ohio",239400,22215
1500000US390610226021,3.9061E+11,"Block Group 1, Census Tract 226.02, Hamilton County, Ohio",157800,34477
1500000US390610226022,3.9061E+11,"Block Group 2, Census Tract 226.02, Hamilton County, Ohio",357500,136999
1500000US390610226023,3.9061E+11,"Block Group 3, Census Tract 226.02, Hamilton County, Ohio",268200,21252
1500000US390610227001,3.9061E+11,"Block Group 1, Census Tract 227, Hamilton County, Ohio",100700,11891
1500000US390610227002,3.9061E+11,"Block Group 2, Census Tract 227, Hamilton County, Ohio",73700,25104
1500000US390610227003,3.9061E+11,"Block Group 3, Census Tract 227, Hamilton County, Ohio",66200,9180
1500000US390610227004,3.9061E+11,"Block Group 4, Census Tract 227, Hamilton County, Ohio",86800,245494
1500000US390610230011,3.9061E+11,"Block Group 1, Census Tract 230.01, Hamilton County, Ohio",150900,39196
1500000US390610230012,3.9061E+11,"Block Group 2, Census Tract 230.01, Hamilton County, Ohio",237000,41474
1500000US390610230013,3.9061E+11,"Block Group 3, Census Tract 230.01, Hamilton County, Ohio",103400,33156
1500000US390610230014,3.9061E+11,"Block Group 4, Census Tract 230.01, Hamilton County, Ohio",116000,41746
1500000US390610230021,3.9061E+11,"Block Group 1, Census Tract 230.02, Hamilton County, Ohio",179000,32208
1500000US390610230022,3.9061E+11,"Block Group 2, Census Tract 230.02, Hamilton County, Ohio",168500,38476
1500000US390610230023,3.9061E+11,"Block Group 3, Census Tract 230.02, Hamilton County, Ohio",140000,6655
1500000US390610230024,3.9061E+11,"Block Group 4, Census Tract 230.02, Hamilton County, Ohio",116100,5392
1500000US390610231001,3.9061E+11,"Block Group 1, Census Tract 231, Hamilton County, Ohio",182300,15245
1500000US390610231002,3.9061E+11,"Block Group 2, Census Tract 231, Hamilton County, Ohio",307500,23784
1500000US390610232011,3.9061E+11,"Block Group 1, Census Tract 232.01, Hamilton County, Ohio",107300,9088
1500000US390610232012,3.9061E+11,"Block Group 2, Census Tract 232.01, Hamilton County, Ohio",70700,13233
1500000US390610232013,3.9061E+11,"Block Group 3, Census Tract 232.01, Hamilton County, Ohio",88300,14290
1500000US390610232101,3.9061E+11,"Block Group 1, Census Tract 232.10, Hamilton County, Ohio",140800,6131
1500000US390610232102,3.9061E+11,"Block Group 2, Census Tract 232.10, Hamilton County, Ohio",133800,9698
1500000US390610232103,3.9061E+11,"Block Group 3, Census Tract 232.10, Hamilton County, Ohio",143700,7113
1500000US390610232221,3.9061E+11,"Block Group 1, Census Tract 232.22, Hamilton County, Ohio",119000,16005
1500000US390610232222,3.9061E+11,"Block Group 2, Census Tract 232.22, Hamilton County, Ohio",77300,24523
1500000US390610232223,3.9061E+11,"Block Group 3, Census Tract 232.22, Hamilton County, Ohio",134000,10217
1500000US390610233001,3.9061E+11,"Block Group 1, Census Tract 233, Hamilton County, Ohio",319700,34785
1500000US390610233002,3.9061E+11,"Block Group 2, Census Tract 233, Hamilton County, Ohio",231900,13862
1500000US390610233003,3.9061E+11,"Block Group 3, Census Tract 233, Hamilton County, Ohio",342900,75328
1500000US390610234001,3.9061E+11,"Block Group 1, Census Tract 234, Hamilton County, Ohio",95300,7987
1500000US390610234002,3.9061E+11,"Block Group 2, Census Tract 234, Hamilton County, Ohio",95800,16470
1500000US390610234003,3.9061E+11,"Block Group 3, Census Tract 234, Hamilton County, Ohio",68300,13154
1500000US390610234004,3.9061E+11,"Block Group 4, Census Tract 234, Hamilton County, Ohio",124100,47347
1500000US390610235011,3.9061E+11,"Block Group 1, Census Tract 235.01, Hamilton County, Ohio",248500,153698
1500000US390610235012,3.9061E+11,"Block Group 2, Census Tract 235.01, Hamilton County, Ohio",434800,71571
1500000US390610235013,3.9061E+11,"Block Group 3, Census Tract 235.01, Hamilton County, Ohio",309700,35376
1500000US390610235211,3.9061E+11,"Block Group 1, Census Tract 235.21, Hamilton County, Ohio",154800,30330
1500000US390610235212,3.9061E+11,"Block Group 2, Census Tract 235.21, Hamilton County, Ohio",215200,16975
1500000US390610235221,3.9061E+11,"Block Group 1, Census Tract 235.22, Hamilton County, Ohio",126100,12948
1500000US390610235222,3.9061E+11,"Block Group 2, Census Tract 235.22, Hamilton County, Ohio",237600,25369
1500000US390610235223,3.9061E+11,"Block Group 3, Census Tract 235.22, Hamilton County, Ohio",146900,25750
1500000US390610235224,3.9061E+11,"Block Group 4, Census Tract 235.22, Hamilton County, Ohio",197200,31654
1500000US390610235225,3.9061E+11,"Block Group 5, Census Tract 235.22, Hamilton County, Ohio",153300,17174
1500000US390610236001,3.9061E+11,"Block Group 1, Census Tract 236, Hamilton County, Ohio",119600,17346
1500000US390610236002,3.9061E+11,"Block Group 2, Census Tract 236, Hamilton County, Ohio",117400,5008
1500000US390610236003,3.9061E+11,"Block Group 3, Census Tract 236, Hamilton County, Ohio",133500,7827
1500000US390610236004,3.9061E+11,"Block Group 4, Census Tract 236, Hamilton County, Ohio",148200,13066
1500000US390610237011,3.9061E+11,"Block Group 1, Census Tract 237.01, Hamilton County, Ohio",119000,7139
1500000US390610237012,3.9061E+11,"Block Group 2, Census Tract 237.01, Hamilton County, Ohio",119100,8900
1500000US390610237013,3.9061E+11,"Block Group 3, Census Tract 237.01, Hamilton County, Ohio",139100,4974
1500000US390610237014,3.9061E+11,"Block Group 4, Census Tract 237.01, Hamilton County, Ohio",140800,13891
1500000US390610237021,3.9061E+11,"Block Group 1, Census Tract 237.02, Hamilton County, Ohio",117800,6444
1500000US390610237022,3.9061E+11,"Block Group 2, Census Tract 237.02, Hamilton County, Ohio",126600,11187
1500000US390610237023,3.9061E+11,"Block Group 3, Census Tract 237.02, Hamilton County, Ohio",114300,12002
1500000US390610238001,3.9061E+11,"Block Group 1, Census Tract 238, Hamilton County, Ohio",132600,30417
1500000US390610238002,3.9061E+11,"Block Group 2, Census Tract 238, Hamilton County, Ohio",154400,19926
1500000US390610238003,3.9061E+11,"Block Group 3, Census Tract 238, Hamilton County, Ohio",120200,9899
1500000US390610238004,3.9061E+11,"Block Group 4, Census Tract 238, Hamilton County, Ohio",108600,17319
1500000US390610238005,3.9061E+11,"Block Group 5, Census Tract 238, Hamilton County, Ohio",89000,32384
1500000US390610239011,3.9061E+11,"Block Group 1, Census Tract 239.01, Hamilton County, Ohio",281300,19734
1500000US390610239012,3.9061E+11,"Block Group 2, Census Tract 239.01, Hamilton County, Ohio",242200,35073
1500000US390610239013,3.9061E+11,"Block Group 3, Census Tract 239.01, Hamilton County, Ohio",124400,16193
1500000US390610239014,3.9061E+11,"Block Group 4, Census Tract 239.01, Hamilton County, Ohio",312800,35792
1500000US390610239021,3.9061E+11,"Block Group 1, Census Tract 239.02, Hamilton County, Ohio",274700,13015
1500000US390610239022,3.9061E+11,"Block Group 2, Census Tract 239.02, Hamilton County, Ohio",298800,31657
1500000US390610239023,3.9061E+11,"Block Group 3, Census Tract 239.02, Hamilton County, Ohio",294900,35837
1500000US390610239024,3.9061E+11,"Block Group 4, Census Tract 239.02, Hamilton County, Ohio",447600,57199
1500000US390610240011,3.9061E+11,"Block Group 1, Census Tract 240.01, Hamilton County, Ohio",333400,72192
1500000US390610240012,3.9061E+11,"Block Group 2, Census Tract 240.01, Hamilton County, Ohio",120600,22666
1500000US390610240013,3.9061E+11,"Block Group 3, Census Tract 240.01, Hamilton County, Ohio",-,**
1500000US390610240014,3.9061E+11,"Block Group 4, Census Tract 240.01, Hamilton County, Ohio",154500,50046
1500000US390610240015,3.9061E+11,"Block Group 5, Census Tract 240.01, Hamilton County, Ohio",159800,13682
1500000US390610240016,3.9061E+11,"Block Group 6, Census Tract 240.01, Hamilton County, Ohio",204800,51280
1500000US390610240021,3.9061E+11,"Block Group 1, Census Tract 240.02, Hamilton County, Ohio",314600,33425
1500000US390610240022,3.9061E+11,"Block Group 2, Census Tract 240.02, Hamilton County, Ohio",243000,19583
1500000US390610241001,3.9061E+11,"Block Group 1, Census Tract 241, Hamilton County, Ohio",166900,10143
1500000US390610241002,3.9061E+11,"Block Group 2, Census Tract 241, Hamilton County, Ohio",176500,13686
1500000US390610241003,3.9061E+11,"Block Group 3, Census Tract 241, Hamilton County, Ohio",176700,26842
1500000US390610241004,3.9061E+11,"Block Group 4, Census Tract 241, Hamilton County, Ohio",229000,33619
1500000US390610241005,3.9061E+11,"Block Group 5, Census Tract 241, Hamilton County, Ohio",225900,23653
1500000US390610241006,3.9061E+11,"Block Group 6, Census Tract 241, Hamilton County, Ohio",208900,46977
1500000US390610242001,3.9061E+11,"Block Group 1, Census Tract 242, Hamilton County, Ohio",225800,8653
1500000US390610242002,3.9061E+11,"Block Group 2, Census Tract 242, Hamilton County, Ohio",330900,51662
1500000US390610243011,3.9061E+11,"Block Group 1, Census Tract 243.01, Hamilton County, Ohio",341700,41346
1500000US390610243012,3.9061E+11,"Block Group 2, Census Tract 243.01, Hamilton County, Ohio",337100,30199
1500000US390610243013,3.9061E+11,"Block Group 3, Census Tract 243.01, Hamilton County, Ohio",208900,100135
1500000US390610243014,3.9061E+11,"Block Group 4, Census Tract 243.01, Hamilton County, Ohio",494000,48186
1500000US390610243031,3.9061E+11,"Block Group 1, Census Tract 243.03, Hamilton County, Ohio",144200,22089
1500000US390610243032,3.9061E+11,"Block Group 2, Census Tract 243.03, Hamilton County, Ohio",279700,24175
1500000US390610243033,3.9061E+11,"Block Group 3, Census Tract 243.03, Hamilton County, Ohio",109000,28903
1500000US390610243034,3.9061E+11,"Block Group 4, Census Tract 243.03, Hamilton County, Ohio",114400,15144
1500000US390610243035,3.9061E+11,"Block Group 5, Census Tract 243.03, Hamilton County, Ohio",201400,108993
1500000US390610243211,3.9061E+11,"Block Group 1, Census Tract 243.21, Hamilton County, Ohio",299700,28078
1500000US390610243212,3.9061E+11,"Block Group 2, Census Tract 243.21, Hamilton County, Ohio",165400,7656
1500000US390610243213,3.9061E+11,"Block Group 3, Census Tract 243.21, Hamilton County, Ohio",156300,6801
1500000US390610243214,3.9061E+11,"Block Group 4, Census Tract 243.21, Hamilton County, Ohio",124200,19155
1500000US390610243221,3.9061E+11,"Block Group 1, Census Tract 243.22, Hamilton County, Ohio",241500,23675
1500000US390610243222,3.9061E+11,"Block Group 2, Census Tract 243.22, Hamilton County, Ohio",342700,26218
1500000US390610243223,3.9061E+11,"Block Group 3, Census Tract 243.22, Hamilton County, Ohio",780200,206608
1500000US390610243224,3.9061E+11,"Block Group 4, Census Tract 243.22, Hamilton County, Ohio",371500,53039
1500000US390610243225,3.9061E+11,"Block Group 5, Census Tract 243.22, Hamilton County, Ohio",360800,45092
1500000US390610243226,3.9061E+11,"Block Group 6, Census Tract 243.22, Hamilton County, Ohio",340000,73480
1500000US390610244001,3.9061E+11,"Block Group 1, Census Tract 244, Hamilton County, Ohio",647300,300130
1500000US390610244002,3.9061E+11,"Block Group 2, Census Tract 244, Hamilton County, Ohio",787600,119681
1500000US390610244003,3.9061E+11,"Block Group 3, Census Tract 244, Hamilton County, Ohio",783000,187073
1500000US390610244004,3.9061E+11,"Block Group 4, Census Tract 244, Hamilton County, Ohio",633900,441395
1500000US390610244005,3.9061E+11,"Block Group 5, Census Tract 244, Hamilton County, Ohio",975400,116378
1500000US390610244006,3.9061E+11,"Block Group 6, Census Tract 244, Hamilton County, Ohio",941700,171747
1500000US390610244007,3.9061E+11,"Block Group 7, Census Tract 244, Hamilton County, Ohio",873700,144320
1500000US390610247001,3.9061E+11,"Block Group 1, Census Tract 247, Hamilton County, Ohio",117100,4671
1500000US390610247002,3.9061E+11,"Block Group 2, Census Tract 247, Hamilton County, Ohio",114200,7637
1500000US390610248001,3.9061E+11,"Block Group 1, Census Tract 248, Hamilton County, Ohio",225000,21370
1500000US390610248002,3.9061E+11,"Block Group 2, Census Tract 248, Hamilton County, Ohio",495800,69590
1500000US390610248003,3.9061E+11,"Block Group 3, Census Tract 248, Hamilton County, Ohio",235500,25039
1500000US390610249011,3.9061E+11,"Block Group 1, Census Tract 249.01, Hamilton County, Ohio",128800,28824
1500000US390610249021,3.9061E+11,"Block Group 1, Census Tract 249.02, Hamilton County, Ohio",287100,26996
1500000US390610249022,3.9061E+11,"Block Group 2, Census Tract 249.02, Hamilton County, Ohio",306300,41423
1500000US390610249023,3.9061E+11,"Block Group 3, Census Tract 249.02, Hamilton County, Ohio",150000,16823
1500000US390610249024,3.9061E+11,"Block Group 4, Census Tract 249.02, Hamilton County, Ohio",481600,89527
1500000US390610249025,3.9061E+11,"Block Group 5, Census Tract 249.02, Hamilton County, Ohio",323300,25660
1500000US390610250011,3.9061E+11,"Block Group 1, Census Tract 250.01, Hamilton County, Ohio",262100,16294
1500000US390610250012,3.9061E+11,"Block Group 2, Census Tract 250.01, Hamilton County, Ohio",155300,14189
1500000US390610250013,3.9061E+11,"Block Group 3, Census Tract 250.01, Hamilton County, Ohio",160100,9218
1500000US390610250014,3.9061E+11,"Block Group 4, Census Tract 250.01, Hamilton County, Ohio",177800,20235
1500000US390610250015,3.9061E+11,"Block Group 5, Census Tract 250.01, Hamilton County, Ohio",134300,17185
1500000US390610250021,3.9061E+11,"Block Group 1, Census Tract 250.02, Hamilton County, Ohio",147900,11519
1500000US390610250022,3.9061E+11,"Block Group 2, Census Tract 250.02, Hamilton County, Ohio",293000,36276
1500000US390610250023,3.9061E+11,"Block Group 3, Census Tract 250.02, Hamilton County, Ohio",170500,36705
1500000US390610250024,3.9061E+11,"Block Group 4, Census Tract 250.02, Hamilton County, Ohio",134500,10005
1500000US390610250025,3.9061E+11,"Block Group 5, Census Tract 250.02, Hamilton County, Ohio",167300,39192
1500000US390610250026,3.9061E+11,"Block Group 6, Census Tract 250.02, Hamilton County, Ohio",145700,27061
1500000US390610251011,3.9061E+11,"Block Group 1, Census Tract 251.01, Hamilton County, Ohio",263500,117074
1500000US390610251012,3.9061E+11,"Block Group 2, Census Tract 251.01, Hamilton County, Ohio",265900,24907
1500000US390610251021,3.9061E+11,"Block Group 1, Census Tract 251.02, Hamilton County, Ohio",175700,13811
1500000US390610251022,3.9061E+11,"Block Group 2, Census Tract 251.02, Hamilton County, Ohio",169900,8344
1500000US390610251023,3.9061E+11,"Block Group 3, Census Tract 251.02, Hamilton County, Ohio",151900,18937
1500000US390610251024,3.9061E+11,"Block Group 4, Census Tract 251.02, Hamilton County, Ohio",269200,60233
1500000US390610251025,3.9061E+11,"Block Group 5, Census Tract 251.02, Hamilton County, Ohio",172900,19173
1500000US390610251026,3.9061E+11,"Block Group 6, Census Tract 251.02, Hamilton County, Ohio",209200,14602
1500000US390610251031,3.9061E+11,"Block Group 1, Census Tract 251.03, Hamilton County, Ohio",202500,39663
1500000US390610251032,3.9061E+11,"Block Group 2, Census Tract 251.03, Hamilton County, Ohio",168300,13788
1500000US390610251033,3.9061E+11,"Block Group 3, Census Tract 251.03, Hamilton County, Ohio",229800,14706
1500000US390610251034,3.9061E+11,"Block Group 4, Census Tract 251.03, Hamilton County, Ohio",187500,68587
1500000US390610251041,3.9061E+11,"Block Group 1, Census Tract 251.04, Hamilton County, Ohio",494700,71123
1500000US390610251042,3.9061E+11,"Block Group 2, Census Tract 251.04, Hamilton County, Ohio",548200,55676
1500000US390610252001,3.9061E+11,"Block Group 1, Census Tract 252, Hamilton County, Ohio",111300,19116
1500000US390610252002,3.9061E+11,"Block Group 2, Census Tract 252, Hamilton County, Ohio",120200,20470
1500000US390610252003,3.9061E+11,"Block Group 3, Census Tract 252, Hamilton County, Ohio",121100,17304
1500000US390610252004,3.9061E+11,"Block Group 4, Census Tract 252, Hamilton County, Ohio",84500,9686
1500000US390610252005,3.9061E+11,"Block Group 5, Census Tract 252, Hamilton County, Ohio",95800,10155
1500000US390610253001,3.9061E+11,"Block Group 1, Census Tract 253, Hamilton County, Ohio",154500,19506
1500000US390610253002,3.9061E+11,"Block Group 2, Census Tract 253, Hamilton County, Ohio",88200,15475
1500000US390610253003,3.9061E+11,"Block Group 3, Census Tract 253, Hamilton County, Ohio",104400,13730
1500000US390610254011,3.9061E+11,"Block Group 1, Census Tract 254.01, Hamilton County, Ohio",120700,20182
1500000US390610254012,3.9061E+11,"Block Group 2, Census Tract 254.01, Hamilton County, Ohio",207900,38999
1500000US390610254021,3.9061E+11,"Block Group 1, Census Tract 254.02, Hamilton County, Ohio",135500,11681
1500000US390610254022,3.9061E+11,"Block Group 2, Census Tract 254.02, Hamilton County, Ohio",121100,13573
1500000US390610254023,3.9061E+11,"Block Group 3, Census Tract 254.02, Hamilton County, Ohio",159400,21013
1500000US390610254024,3.9061E+11,"Block Group 4, Census Tract 254.02, Hamilton County, Ohio",177000,40992
1500000US390610255001,3.9061E+11,"Block Group 1, Census Tract 255, Hamilton County, Ohio",117200,42481
1500000US390610255002,3.9061E+11,"Block Group 2, Census Tract 255, Hamilton County, Ohio",113200,23357
1500000US390610255003,3.9061E+11,"Block Group 3, Census Tract 255, Hamilton County, Ohio",94100,5188
1500000US390610255004,3.9061E+11,"Block Group 4, Census Tract 255, Hamilton County, Ohio",77700,7912
1500000US390610256001,3.9061E+11,"Block Group 1, Census Tract 256, Hamilton County, Ohio",175000,20398
1500000US390610256002,3.9061E+11,"Block Group 2, Census Tract 256, Hamilton County, Ohio",169500,16439
1500000US390610256003,3.9061E+11,"Block Group 3, Census Tract 256, Hamilton County, Ohio",179300,58186
1500000US390610256004,3.9061E+11,"Block Group 4, Census Tract 256, Hamilton County, Ohio",93100,31488
1500000US390610257001,3.9061E+11,"Block Group 1, Census Tract 257, Hamilton County, Ohio",74600,5360
1500000US390610257002,3.9061E+11,"Block Group 2, Census Tract 257, Hamilton County, Ohio",56700,8716
1500000US390610257003,3.9061E+11,"Block Group 3, Census Tract 257, Hamilton County, Ohio",43800,18600
1500000US390610258001,3.9061E+11,"Block Group 1, Census Tract 258, Hamilton County, Ohio",87500,6979
1500000US390610258002,3.9061E+11,"Block Group 2, Census Tract 258, Hamilton County, Ohio",101100,17338
1500000US390610258003,3.9061E+11,"Block Group 3, Census Tract 258, Hamilton County, Ohio",97000,14445
1500000US390610258004,3.9061E+11,"Block Group 4, Census Tract 258, Hamilton County, Ohio",101400,39457
1500000US390610258005,3.9061E+11,"Block Group 5, Census Tract 258, Hamilton County, Ohio",98600,41576
1500000US390610260011,3.9061E+11,"Block Group 1, Census Tract 260.01, Hamilton County, Ohio",209400,12926
1500000US390610260012,3.9061E+11,"Block Group 2, Census Tract 260.01, Hamilton County, Ohio",217600,18132
1500000US390610260013,3.9061E+11,"Block Group 3, Census Tract 260.01, Hamilton County, Ohio",188200,14161
1500000US390610260021,3.9061E+11,"Block Group 1, Census Tract 260.02, Hamilton County, Ohio","10,000-",***
1500000US390610260022,3.9061E+11,"Block Group 2, Census Tract 260.02, Hamilton County, Ohio",207700,56108
1500000US390610260023,3.9061E+11,"Block Group 3, Census Tract 260.02, Hamilton County, Ohio",157100,53608
1500000US390610260024,3.9061E+11,"Block Group 4, Census Tract 260.02, Hamilton County, Ohio",213200,47996
1500000US390610261011,3.9061E+11,"Block Group 1, Census Tract 261.01, Hamilton County, Ohio",123800,35980
1500000US390610261012,3.9061E+11,"Block Group 2, Census Tract 261.01, Hamilton County, Ohio",133300,34028
1500000US390610261013,3.9061E+11,"Block Group 3, Census Tract 261.01, Hamilton County, Ohio",109100,5581
1500000US390610261014,3.9061E+11,"Block Group 4, Census Tract 261.01, Hamilton County, Ohio",153600,15353
1500000US390610261015,3.9061E+11,"Block Group 5, Census Tract 261.01, Hamilton County, Ohio",144100,9159
1500000US390610261021,3.9061E+11,"Block Group 1, Census Tract 261.02, Hamilton County, Ohio",75400,25339
1500000US390610261022,3.9061E+11,"Block Group 2, Census Tract 261.02, Hamilton County, Ohio",39400,119575
1500000US390610261023,3.9061E+11,"Block Group 3, Census Tract 261.02, Hamilton County, Ohio",15900,3104
1500000US390610262001,3.9061E+11,"Block Group 1, Census Tract 262, Hamilton County, Ohio",12900,97052
1500000US390610262002,3.9061E+11,"Block Group 2, Census Tract 262, Hamilton County, Ohio",55100,22062
1500000US390610263001,3.9061E+11,"Block Group 1, Census Tract 263, Hamilton County, Ohio",-,**
1500000US390610263002,3.9061E+11,"Block Group 2, Census Tract 263, Hamilton County, Ohio",60500,70953
1500000US390610264001,3.9061E+11,"Block Group 1, Census Tract 264, Hamilton County, Ohio",-,**
1500000US390610264002,3.9061E+11,"Block Group 2, Census Tract 264, Hamilton County, Ohio",168500,14628
1500000US390610264003,3.9061E+11,"Block Group 3, Census Tract 264, Hamilton County, Ohio",159700,20452
1500000US390610265001,3.9061E+11,"Block Group 1, Census Tract 265, Hamilton County, Ohio",234600,23031
1500000US390610265002,3.9061E+11,"Block Group 2, Census Tract 265, Hamilton County, Ohio",321400,91491
1500000US390610266001,3.9061E+11,"Block Group 1, Census Tract 266, Hamilton County, Ohio",482100,75605
1500000US390610266002,3.9061E+11,"Block Group 2, Census Tract 266, Hamilton County, Ohio",87900,63403
1500000US390610266003,3.9061E+11,"Block Group 3, Census Tract 266, Hamilton County, Ohio",272000,30387
1500000US390610267001,3.9061E+11,"Block Group 1, Census Tract 267, Hamilton County, Ohio",105900,60698
1500000US390610267002,3.9061E+11,"Block Group 2, Census Tract 267, Hamilton County, Ohio",92800,69212
1500000US390610268001,3.9061E+11,"Block Group 1, Census Tract 268, Hamilton County, Ohio",397000,57846
1500000US390610269001,3.9061E+11,"Block Group 1, Census Tract 269, Hamilton County, Ohio",118200,32130
1500000US390610269002,3.9061E+11,"Block Group 2, Census Tract 269, Hamilton County, Ohio",42500,580367
1500000US390610269003,3.9061E+11,"Block Group 3, Census Tract 269, Hamilton County, Ohio",29600,70505
1500000US390610269004,3.9061E+11,"Block Group 4, Census Tract 269, Hamilton County, Ohio",96400,60887
1500000US390610270001,3.9061E+11,"Block Group 1, Census Tract 270, Hamilton County, Ohio",77800,19028
1500000US390610270002,3.9061E+11,"Block Group 2, Census Tract 270, Hamilton County, Ohio",48100,22676
1500000US390610270003,3.9061E+11,"Block Group 3, Census Tract 270, Hamilton County, Ohio",34100,8475
1500000US390610270004,3.9061E+11,"Block Group 4, Census Tract 270, Hamilton County, Ohio",96400,40085
1500000US390610271001,3.9061E+11,"Block Group 1, Census Tract 271, Hamilton County, Ohio",117300,8656
1500000US390610271002,3.9061E+11,"Block Group 2, Census Tract 271, Hamilton County, Ohio",-,**
1500000US390610271003,3.9061E+11,"Block Group 3, Census Tract 271, Hamilton County, Ohio",-,**
1500000US390610271004,3.9061E+11,"Block Group 4, Census Tract 271, Hamilton County, Ohio",95800,29847
1500000US390610272001,3.9061E+11,"Block Group 1, Census Tract 272, Hamilton County, Ohio",45600,31057
1500000US390610272002,3.9061E+11,"Block Group 2, Census Tract 272, Hamilton County, Ohio",60800,23061
1500000US390610272003,3.9061E+11,"Block Group 3, Census Tract 272, Hamilton County, Ohio",32600,1758
1500000US390610273001,3.9061E+11,"Block Group 1, Census Tract 273, Hamilton County, Ohio",145000,72667
1500000US390610273002,3.9061E+11,"Block Group 2, Census Tract 273, Hamilton County, Ohio",513400,53427
1500000US390610273003,3.9061E+11,"Block Group 3, Census Tract 273, Hamilton County, Ohio",407400,40787
1500000US390610274001,3.9061E+11,"Block Group 1, Census Tract 274, Hamilton County, Ohio",106000,6110
1500000US390610274002,3.9061E+11,"Block Group 2, Census Tract 274, Hamilton County, Ohio",81800,7773
1500000US390610274003,3.9061E+11,"Block Group 3, Census Tract 274, Hamilton County, Ohio",83100,7541
1500000US390610274004,3.9061E+11,"Block Group 4, Census Tract 274, Hamilton County, Ohio",83900,15355